country,1960,1961,1962,1963,1964,1965,1966,1967,1968,1969,1970,1971,1972,1973,1974,1975,1976,1977,1978,1979,1980,1981,1982,1983,1984,1985,1986,1987,1988,1989,1990,1991,1992,1993,1994,1995,1996,1997,1998,1999,2000,2001,2002,2003,2004,2005,2006,2007,2008,2009,2010,2011
Albania,,,,,,,,,,,,0,0,0,0,0,0,0,0,0,0,0,0,0,0,0,0,0,0,0,0,0,0,0,0,0,0,0,0,0,0,0,0,0,0,0,0,0,0,0,0,
Algeria,,,,,,,,,,,,0,0,0,0,0,0,0,0,0,0,0,0,0,0,0,0,0,0,0,0,0,0,0,0,0,0,0,0,0,0,0,0,0,0,0,0,0,0,0,0,
Angola,,,,,,,,,,,,0,0,0,0,0,0,0,0,0,0,0,0,0,0,0,0,0,0,0,0,0,0,0,0,0,0,0,0,0,0,0,0,0,0,0,0,0,0,0,0,
Argentina,,,,,,,,,,,,0,0,0,89100,216000,221000,141000,249000,232000,201000,242000,161000,293000,399000,496000,491000,556000,499000,433000,626000,667000,609000,666000,708000,608000,641000,685000,641000,611000,531000,607000,501000,651000,677000,591000,661000,621000,630000,702000,617000,
Armenia,,,,,,,,,,,,,,,,,,,,,,,,,,,,,,,0,0,0,0,0,26100,200000,138000,137000,179000,172000,171000,196000,172000,189000,234000,227000,220000,212000,214000,214000,
Australia,0,0,0,0,0,0,0,0,0,0,0,0,0,0,0,0,0,0,0,0,0,0,0,0,0,0,0,0,0,0,0,0,0,0,0,0,0,0,0,0,0,0,0,0,0,0,0,0,0,0,0,0
Austria,0,0,0,0,0,0,0,0,0,0,0,0,0,0,0,0,0,0,0,0,0,0,0,0,0,0,0,0,0,0,0,0,0,0,0,0,0,0,0,0,0,0,0,0,0,0,0,0,0,0,0,0
Azerbaijan,,,,,,,,,,,,,,,,,,,,,,,,,,,,,,,0,0,0,0,0,0,0,0,0,0,0,0,0,0,0,0,0,0,0,0,0,
Bahrain,,,,,,,,,,,,0,0,0,0,0,0,0,0,0,0,0,0,0,0,0,0,0,0,0,0,0,0,0,0,0,0,0,0,0,0,0,0,0,0,0,0,0,0,0,0,
Bangladesh,,,,,,,,,,,,0,0,0,0,0,0,0,0,0,0,0,0,0,0,0,0,0,0,0,0,0,0,0,0,0,0,0,0,0,0,0,0,0,0,0,0,0,0,0,0,
Belarus,,,,,,,,,,,,,,,,,,,,,,,,,,,,,,,0,0,0,0,0,0,0,0,0,0,0,0,0,0,0,0,0,0,0,0,0,
Belgium,0,0,344,4040,4390,,516,8080,5250,1890,4900,,946,6540,12700,583000,863000,1030000,1080000,981000,1080000,1110000,1350000,2070000,2390000,2980000,3390000,3610000,3710000,3540000,3670000,3690000,3740000,3610000,3490000,3560000,3730000,4080000,3970000,4220000,4140000,3990000,4070000,4070000,4070000,4090000,4010000,4150000,3920000,4060000,4120000,4150000
Benin,,,,,,,,,,,,0,0,0,0,0,0,0,0,0,0,0,0,0,0,0,0,0,0,0,0,0,0,0,0,0,0,0,0,0,0,0,0,0,0,0,0,0,0,0,0,
Bolivia,,,,,,,,,,,,0,0,0,0,0,0,0,0,0,0,0,0,0,0,0,0,0,0,0,0,0,0,0,0,0,0,0,0,0,0,0,0,0,0,0,0,0,0,0,0,
Bosnia and Herzegovina,,,,,,,,,,,,,,,,,,,,,,,,,,,,,,,0,0,0,0,0,0,0,0,0,0,0,0,0,0,0,0,0,0,0,0,0,
Botswana,,,,,,,,,,,,,,,,,,,,,,0,0,0,0,0,0,0,0,0,0,0,0,0,0,0,0,0,0,0,0,0,0,0,0,0,0,0,0,0,0,
Brazil,,,,,,,,,,,,0,0,0,0,0,0,0,0,0,0,0,0,0,141000,291000,12400,83700,52300,157000,192000,124000,151000,38000,4730,217000,209000,273000,281000,342000,520000,1230000,1190000,1150000,998000,847000,1180000,1060000,1200000,1110000,1250000,
Brunei,,,,,,,,,,,,0,0,0,0,0,0,0,0,0,0,0,0,0,0,0,0,0,0,0,0,0,0,0,0,0,0,0,0,0,0,0,0,0,0,0,0,0,0,0,0,
Bulgaria,,,,,,,,,,,,0,0,0,79800,220000,429000,506000,508000,531000,530000,784000,924000,1060000,1100000,1130000,1040000,1070000,1380000,1250000,1260000,1130000,993000,1200000,1320000,1480000,1560000,1530000,1450000,1360000,1560000,1680000,1740000,1490000,1450000,1600000,1680000,1260000,1360000,1310000,1310000,
Cambodia,,,,,,,,,,,,,,,,,,,,,,,,,,,,,,,,,,,,0,0,0,0,0,0,0,0,0,0,0,0,0,0,0,0,
Cameroon,,,,,,,,,,,,0,0,0,0,0,0,0,0,0,0,0,0,0,0,0,0,0,0,0,0,0,0,0,0,0,0,0,0,0,0,0,0,0,0,0,0,0,0,0,0,
Canada,0,0,0,8000,13000,11000,14800,13200,78900,45500,89200,367000,620000,1310000,1260000,1080000,1500000,2270000,2680000,3030000,3270000,3450000,3300000,4180000,4490000,5200000,6130000,6640000,7130000,6870000,6270000,7300000,6930000,8080000,9270000,8410000,7980000,7100000,6150000,6320000,6260000,6600000,6490000,6440000,7770000,7910000,8420000,8040000,8080000,7750000,7800000,7820000
Chile,,,,,,,,,,,,0,0,0,0,0,0,0,0,0,0,0,0,0,0,0,0,0,0,0,0,0,0,0,0,0,0,0,0,0,0,0,0,0,0,0,0,0,0,0,0,0
China,,,,,,,,,,,,0,0,0,0,0,0,0,0,0,0,0,0,0,0,0,0,0,0,0,0,0,0,138000,1270000,1100000,1230000,1240000,1210000,1290000,1440000,1500000,2160000,3730000,4340000,4570000,4720000,5340000,5880000,6030000,6350000,
Colombia,,,,,,,,,,,,0,0,0,0,0,0,0,0,0,0,0,0,0,0,0,0,0,0,0,0,0,0,0,0,0,0,0,0,0,0,0,0,0,0,0,0,0,0,0,0,
"Congo, Dem. Rep.",,,,,,,,,,,,0,0,0,0,0,0,0,0,0,0,0,0,0,0,0,0,0,0,0,0,0,0,0,0,0,0,0,0,0,0,0,0,0,0,0,0,0,0,0,0,
"Congo, Rep.",,,,,,,,,,,,0,0,0,0,0,0,0,0,0,0,0,0,0,0,0,0,0,0,0,0,0,0,0,0,0,0,0,0,0,0,0,0,0,0,0,0,0,0,0,0,
Costa Rica,,,,,,,,,,,,0,0,0,0,0,0,0,0,0,0,0,0,0,0,0,0,0,0,0,0,0,0,0,0,0,0,0,0,0,0,0,0,0,0,0,0,0,0,0,0,
Cote d'Ivoire,,,,,,,,,,,,0,0,0,0,0,0,0,0,0,0,0,0,0,0,0,0,0,0,0,0,0,0,0,0,0,0,0,0,0,0,0,0,0,0,0,0,0,0,0,0,
Croatia,,,,,,,,,,,,,,,,,,,,,,,,,,,,,,,0,0,0,0,0,0,0,0,0,0,0,0,0,0,0,0,0,0,0,0,0,
Cuba,,,,,,,,,,,,0,0,0,0,0,0,0,0,0,0,0,0,0,0,0,0,0,0,0,0,0,0,0,0,0,0,0,0,0,0,0,0,0,0,0,0,0,0,0,0,
Cyprus,,,,,,,,,,,,0,0,0,0,0,0,0,0,0,0,0,0,0,0,0,0,0,0,0,0,0,0,0,0,0,0,0,0,0,0,0,0,0,0,0,0,0,0,0,0,
Czech Republic,,,,,,,,,,,,0,0,0,0,0,0,0,0,0,0,0,0,17200,107000,206000,529000,920000,1020000,1070000,1080000,1040000,1050000,1090000,1120000,1050000,1110000,1070000,1130000,1150000,1170000,1270000,1610000,2230000,2260000,2130000,2240000,2250000,2280000,2340000,2410000,2430000
Denmark,0,0,0,0,0,0,0,0,0,0,0,0,0,0,0,0,0,0,0,0,0,0,0,0,0,0,0,0,0,0,0,0,0,0,0,0,0,0,0,0,0,0,0,0,0,0,0,0,0,0,0,0
Dominican Republic,,,,,,,,,,,,0,0,0,0,0,0,0,0,0,0,0,0,0,0,0,0,0,0,0,0,0,0,0,0,0,0,0,0,0,0,0,0,0,0,0,0,0,0,0,0,
Ecuador,,,,,,,,,,,,0,0,0,0,0,0,0,0,0,0,0,0,0,0,0,0,0,0,0,0,0,0,0,0,0,0,0,0,0,0,0,0,0,0,0,0,0,0,0,0,
Egypt,,,,,,,,,,,,0,0,0,0,0,0,0,0,0,0,0,0,0,0,0,0,0,0,0,0,0,0,0,0,0,0,0,0,0,0,0,0,0,0,0,0,0,0,0,0,
El Salvador,,,,,,,,,,,,0,0,0,0,0,0,0,0,0,0,0,0,0,0,0,0,0,0,0,0,0,0,0,0,0,0,0,0,0,0,0,0,0,0,0,0,0,0,0,0,
Eritrea,,,,,,,,,,,,,,,,,,,,,,,,,,,,,,,,,0,0,0,0,0,0,0,0,0,0,0,0,0,0,0,0,0,0,0,
Estonia,,,,,,,,,,,,,,,,,,,,,,,,,,,,,,,0,0,0,0,0,0,0,0,0,0,0,0,0,0,0,0,0,0,0,0,0,0
Ethiopia,,,,,,,,,,,,0,0,0,0,0,0,0,0,0,0,0,0,0,0,0,0,0,0,0,0,0,0,0,0,0,0,0,0,0,0,0,0,0,0,0,0,0,0,0,0,
Finland,0,0,0,0,0,0,0,0,0,0,0,0,0,0,0,0,0,229000,281000,580000,604000,1260000,1440000,1520000,1620000,1640000,1640000,1690000,1680000,1640000,1650000,1680000,1660000,1710000,1670000,1650000,1680000,1800000,1880000,1980000,1930000,1960000,1920000,1960000,1950000,2000000,1970000,2010000,1970000,2020000,1960000,1990000
France,12600,23300,40700,40100,56300,90500,138000,251000,304000,426000,491000,803000,1260000,1270000,1260000,1570000,1360000,1550000,2620000,3440000,5270000,9060000,9370000,12400000,16400000,19300000,21900000,22800000,23700000,26100000,27000000,28500000,29100000,31700000,31000000,32400000,34200000,34000000,33400000,33900000,35700000,36200000,37600000,37900000,38500000,38800000,38700000,37800000,37800000,35200000,36900000,38000000
Gabon,,,,,,,,,,,,0,0,0,0,0,0,0,0,0,0,0,0,0,0,0,0,0,0,0,0,0,0,0,0,0,0,0,0,0,0,0,0,0,0,0,0,0,0,0,0,
Georgia,,,,,,,,,,,,,,,,,,,,,,,,,,,,,,,0,0,0,0,0,0,0,0,0,0,0,0,0,0,0,0,0,0,0,0,0,
Germany,0,2060,8600,4820,8940,10100,22800,105000,152000,425000,558000,535000,819000,1040000,1240000,2080000,2540000,3550000,3770000,4480000,4780000,5640000,6400000,6710000,8970000,11900000,11200000,12200000,13500000,13900000,13100000,12700000,13700000,13200000,13000000,13200000,13800000,14700000,13900000,14600000,14600000,14700000,14200000,14200000,14400000,14000000,14400000,12100000,12800000,11600000,12100000,9280000
Ghana,,,,,,,,,,,,0,0,0,0,0,0,0,0,0,0,0,0,0,0,0,0,0,0,0,0,0,0,0,0,0,0,0,0,0,0,0,0,0,0,0,0,0,0,0,0,
Greece,0,0,0,0,0,0,0,0,0,0,0,0,0,0,0,0,0,0,0,0,0,0,0,0,0,0,0,0,0,0,0,0,0,0,0,0,0,0,0,0,0,0,0,0,0,0,0,0,0,0,0,0
Guatemala,,,,,,,,,,,,0,0,0,0,0,0,0,0,0,0,0,0,0,0,0,0,0,0,0,0,0,0,0,0,0,0,0,0,0,0,0,0,0,0,0,0,0,0,0,0,
Haiti,,,,,,,,,,,,0,0,0,0,0,0,0,0,0,0,0,0,0,0,0,0,0,0,0,0,0,0,0,0,0,0,0,0,0,0,0,0,0,0,0,0,0,0,0,0,
Honduras,,,,,,,,,,,,0,0,0,0,0,0,0,0,0,0,0,0,0,0,0,0,0,0,0,0,0,0,0,0,0,0,0,0,0,0,0,0,0,0,0,0,0,0,0,0,
Hungary,,,,,,0,0,0,0,0,0,0,0,0,0,0,0,0,0,0,0,0,0,213000,324000,557000,638000,945000,1160000,1190000,1180000,1180000,1200000,1190000,1210000,1210000,1220000,1200000,1200000,1210000,1220000,1220000,1200000,947000,1030000,1190000,1160000,1260000,1270000,1330000,1360000,1350000
Iceland,0,0,0,0,0,0,0,0,0,0,0,0,0,0,0,0,0,0,0,0,0,0,0,0,0,0,0,0,0,0,0,0,0,0,0,0,0,0,0,0,0,0,0,0,0,0,0,0,0,0,0,0
India,,,,,,,,,,,,102000,97400,206000,190000,226000,280000,195000,238000,247000,258000,260000,174000,305000,350000,428000,432000,433000,500000,398000,528000,475000,578000,464000,486000,686000,780000,867000,1030000,1140000,1450000,1680000,1670000,1530000,1460000,1490000,1620000,1460000,1280000,1600000,2260000,
Indonesia,,,,,,,,,,,,0,0,0,0,0,0,0,0,0,0,0,0,0,0,0,0,0,0,0,0,0,0,0,0,0,0,0,0,0,0,0,0,0,0,0,0,0,0,0,0,
Iran,,,,,,,,,,,,0,0,0,0,0,0,0,0,0,0,0,0,0,0,0,0,0,0,0,0,0,0,0,0,0,0,0,0,0,0,0,0,0,0,0,0,0,0,0,0,
Iraq,,,,,,,,,,,,0,0,0,0,0,0,0,0,0,0,0,0,0,0,0,0,0,0,0,0,0,0,0,0,0,0,0,0,0,0,0,0,0,0,0,0,0,0,0,0,
Ireland,0,0,0,0,0,0,0,0,0,0,0,0,0,0,0,0,0,0,0,0,0,0,0,0,0,0,0,0,0,0,0,0,0,0,0,0,0,0,0,0,0,0,0,0,0,0,0,0,0,0,0,0
Israel,,,,,,,,,,,,0,0,0,0,0,0,0,0,0,0,0,0,0,0,0,0,0,0,0,0,0,0,0,0,0,0,0,0,0,0,0,0,0,0,0,0,0,0,0,0,0
Italy,0,0,0,27800,206000,302000,332000,271000,222000,144000,273000,289000,312000,270000,293000,327000,327000,291000,381000,226000,190000,233000,585000,497000,592000,604000,753000,15000,0,0,0,0,0,0,0,0,0,0,0,0,0,0,0,0,0,0,0,0,0,0,0,0
Jamaica,,,,,,,,,,,,0,0,0,0,0,0,0,0,0,0,0,0,0,0,0,0,0,0,0,0,0,0,0,0,0,0,0,0,0,0,0,0,0,0,0,0,0,0,0,0,
Japan,0,0,0,0,0,0,51600,51600,86000,94600,396000,688000,817000,835000,1690000,2160000,2930000,2720000,5100000,6050000,7100000,7550000,8810000,9830000,11500000,13700000,14500000,16100000,15400000,15700000,17400000,18400000,19200000,21400000,23100000,25000000,26000000,27400000,28600000,27200000,27700000,27500000,25400000,20600000,24300000,26200000,26100000,22700000,22200000,24100000,24800000,8750000
Jordan,,,,,,,,,,,,0,0,0,0,0,0,0,0,0,0,0,0,0,0,0,0,0,0,0,0,0,0,0,0,0,0,0,0,0,0,0,0,0,0,0,0,0,0,0,0,
Kazakhstan,,,,,,,,,,,,,,,,,,,,,,,,,,,,,,,0,0,0,0,0,0,0,0,0,0,0,0,0,0,0,0,0,0,0,0,0,
Kenya,,,,,,,,,,,,0,0,0,0,0,0,0,0,0,0,0,0,0,0,0,0,0,0,0,0,0,0,0,0,0,0,0,0,0,0,0,0,0,0,0,0,0,0,0,0,
Kuwait,,,,,,,,,,,,0,0,0,0,0,0,0,0,0,0,0,0,0,0,0,0,0,0,0,0,0,0,0,0,0,0,0,0,0,0,0,0,0,0,0,0,0,0,0,0,
Kyrgyz Republic,,,,,,,,,,,,,,,,,,,,,,,,,,,,,,,0,0,0,0,0,0,0,0,0,0,0,0,0,0,0,0,0,0,0,0,0,
Latvia,,,,,,,,,,,,,,,,,,,,,,,,,,,,,,,0,0,0,0,0,0,0,0,0,0,0,0,0,0,0,0,0,0,0,0,0,
Lebanon,,,,,,,,,,,,0,0,0,0,0,0,0,0,0,0,0,0,0,0,0,0,0,0,0,0,0,0,0,0,0,0,0,0,0,0,0,0,0,0,0,0,0,0,0,0,
Libya,,,,,,,,,,,,0,0,0,0,0,0,0,0,0,0,0,0,0,0,0,0,0,0,0,0,0,0,0,0,0,0,0,0,0,0,0,0,0,0,0,0,0,0,0,0,
Lithuania,,,,,,,,,,,,,,,,,,,,,,,,,,,,,,,1470000,1460000,1260000,1050000,663000,1020000,1200000,1030000,1170000,848000,724000,977000,1220000,1330000,1300000,889000,744000,846000,851000,933000,0,
Luxembourg,0,0,0,0,0,0,0,0,0,0,0,0,0,0,0,0,0,0,0,0,0,0,0,0,0,0,0,0,0,0,0,0,0,0,0,0,0,0,0,0,0,0,0,0,0,0,0,0,0,0,0,0
Malaysia,,,,,,,,,,,,0,0,0,0,0,0,0,0,0,0,0,0,0,0,0,0,0,0,0,0,0,0,0,0,0,0,0,0,0,0,0,0,0,0,0,0,0,0,0,0,
Malta,,,,,,,,,,,,0,0,0,0,0,0,0,0,0,0,0,0,0,0,0,0,0,0,0,0,0,0,0,0,0,0,0,0,0,0,0,0,0,0,0,0,0,0,0,0,
Mexico,,,,,,,,,,,,0,0,0,0,0,0,0,0,0,0,0,0,0,0,0,0,0,0,32000,253000,365000,337000,424000,365000,726000,677000,899000,797000,860000,707000,750000,838000,903000,791000,929000,934000,896000,843000,903000,506000,868000
Moldova,,,,,,,,,,,,,,,,,,,,,,,,,,,,,,,0,0,0,0,0,0,0,0,0,0,0,0,0,0,0,0,0,0,0,0,0,
Mongolia,,,,,,,,,,,,,,,,,,,,,,,,,,0,0,0,0,0,0,0,0,0,0,0,0,0,0,0,0,0,0,0,0,0,0,0,0,0,0,
Montenegro,,,,,,,,,,,,,,,,,,,,,,,,,,,,,,,,,,,,,,,,,,,,,,0,0,0,0,0,0,
Morocco,,,,,,,,,,,,0,0,0,0,0,0,0,0,0,0,0,0,0,0,0,0,0,0,0,0,0,0,0,0,0,0,0,0,0,0,0,0,0,0,0,0,0,0,0,0,
Mozambique,,,,,,,,,,,,0,0,0,0,0,0,0,0,0,0,0,0,0,0,0,0,0,0,0,0,0,0,0,0,0,0,0,0,0,0,0,0,0,0,0,0,0,0,0,0,
Myanmar,,,,,,,,,,,,0,0,0,0,0,0,0,0,0,0,0,0,0,0,0,0,0,0,0,0,0,0,0,0,0,0,0,0,0,0,0,0,0,0,0,0,0,0,0,0,
Namibia,,,,,,,,,,,,,,,,,,,,,,,,,,,,,,,,0,0,0,0,0,0,0,0,0,0,0,0,0,0,0,0,0,0,0,0,
Nepal,,,,,,,,,,,,0,0,0,0,0,0,0,0,0,0,0,0,0,0,0,0,0,0,0,0,0,0,0,0,0,0,0,0,0,0,0,0,0,0,0,0,0,0,0,0,
Netherlands,0,0,0,0,0,0,0,0,2410,27100,31600,34800,28000,95300,282000,287000,333000,319000,349000,300000,361000,315000,335000,309000,319000,335000,363000,306000,316000,346000,301000,286000,327000,340000,341000,346000,358000,207000,328000,330000,338000,342000,337000,346000,329000,344000,298000,361000,359000,364000,341000,356000
New Zealand,0,0,0,0,0,0,0,0,0,0,0,0,0,0,0,0,0,0,0,0,0,0,0,0,0,0,0,0,0,0,0,0,0,0,0,0,0,0,0,0,0,0,0,0,0,0,0,0,0,0,0,0
Nicaragua,,,,,,,,,,,,0,0,0,0,0,0,0,0,0,0,0,0,0,0,0,0,0,0,0,0,0,0,0,0,0,0,0,0,0,0,0,0,0,0,0,0,0,0,0,0,
Nigeria,,,,,,,,,,,,0,0,0,0,0,0,0,0,0,0,0,0,0,0,0,0,0,0,0,0,0,0,0,0,0,0,0,0,0,0,0,0,0,0,0,0,0,0,0,0,
North Korea,,,,,,,,,,,,0,0,0,0,0,0,0,0,0,0,0,0,0,0,0,0,0,0,0,0,0,0,0,0,0,0,0,0,0,0,0,0,0,0,0,0,0,0,0,0,
North Macedonia,,,,,,,,,,,,,,,,,,,,,,,,,,,,,,,0,0,0,0,0,0,0,0,0,0,0,0,0,0,0,0,0,0,0,0,0,
Norway,0,0,0,0,0,0,0,0,0,0,0,0,0,0,0,0,0,0,0,0,0,0,0,0,0,0,0,0,0,0,0,0,0,0,0,0,0,0,0,0,0,0,0,0,0,0,0,0,0,0,0,0
Oman,,,,,,,,,,,,0,0,0,0,0,0,0,0,0,0,0,0,0,0,0,0,0,0,0,0,0,0,0,0,0,0,0,0,0,0,0,0,0,0,0,0,0,0,0,0,
Pakistan,,,,,,,,,,,,8940,8940,26100,39500,52000,52500,36200,19900,9110,172,12900,15700,19600,27900,29800,37000,43200,21800,2580,25200,33100,50000,42700,43900,41500,29800,32200,24400,34300,172000,197000,150000,151000,240000,214000,197000,265000,139000,249000,294000,
Panama,,,,,,,,,,,,0,0,0,0,0,0,0,0,0,0,0,0,0,0,0,0,0,0,0,0,0,0,0,0,0,0,0,0,0,0,0,0,0,0,0,0,0,0,0,0,
Paraguay,,,,,,,,,,,,0,0,0,0,0,0,0,0,0,0,0,0,0,0,0,0,0,0,0,0,0,0,0,0,0,0,0,0,0,0,0,0,0,0,0,0,0,0,0,0,
Peru,,,,,,,,,,,,0,0,0,0,0,0,0,0,0,0,0,0,0,0,0,0,0,0,0,0,0,0,0,0,0,0,0,0,0,0,0,0,0,0,0,0,0,0,0,0,
Philippines,,,,,,,,,,,,0,0,0,0,0,0,0,0,0,0,0,0,0,0,0,0,0,0,0,0,0,0,0,0,0,0,0,0,0,0,0,0,0,0,0,0,0,0,0,0,
Poland,0,0,0,0,0,0,0,0,0,0,0,0,0,0,0,0,0,0,0,0,0,0,0,0,0,0,0,0,0,0,0,0,0,0,0,0,0,0,0,0,0,0,0,0,0,0,0,0,0,0,0,0
Portugal,0,0,0,0,0,0,0,0,0,0,0,0,0,0,0,0,0,0,0,0,0,0,0,0,0,0,0,0,0,0,0,0,0,0,0,0,0,0,0,0,0,0,0,0,0,0,0,0,0,0,0,0
Qatar,,,,,,,,,,,,0,0,0,0,0,0,0,0,0,0,0,0,0,0,0,0,0,0,0,0,0,0,0,0,0,0,0,0,0,0,0,0,0,0,0,0,0,0,0,0,
Romania,,,,,,,,,,,,0,0,0,0,0,0,0,0,0,0,0,0,0,0,0,0,0,0,0,0,0,0,0,0,0,119000,464000,456000,447000,469000,468000,474000,422000,477000,478000,484000,663000,965000,1010000,999000,
Russia,,,,,,,,,,,,,,,,,,,,,,,,,,,,,,,10200000,10300000,10300000,10300000,8410000,8560000,9380000,9330000,9060000,10500000,11200000,11800000,12200000,12900000,12400000,12900000,13500000,13800000,14000000,14100000,14700000,
Saudi Arabia,,,,,,,,,,,,0,0,0,0,0,0,0,0,0,0,0,0,0,0,0,0,0,0,0,0,0,0,0,0,0,0,0,0,0,0,0,0,0,0,0,0,0,0,0,0,
Senegal,,,,,,,,,,,,0,0,0,0,0,0,0,0,0,0,0,0,0,0,0,0,0,0,0,0,0,0,0,0,0,0,0,0,0,0,0,0,0,0,0,0,0,0,0,0,
Serbia,,,,,,,,,,,,,,,,,,,,,,,,,,,,,,,0,0,0,0,0,0,0,0,0,0,0,0,0,0,0,0,0,0,0,0,0,
Singapore,,,,,,,,,,,,0,0,0,0,0,0,0,0,0,0,0,0,0,0,0,0,0,0,0,0,0,0,0,0,0,0,0,0,0,0,0,0,0,0,0,0,0,0,0,0,
Slovak Republic,,,,,,,,,,,,0,258,20000,41800,16100,38000,9800,1630,185000,389000,441000,502000,529000,622000,807000,1010000,990000,987000,1050000,1040000,1010000,950000,988000,1080000,983000,967000,952000,980000,1130000,1420000,1470000,1540000,1540000,1460000,1520000,1550000,1320000,1440000,1210000,1250000,1240000
Slovenia,,,,,,,,,,,,,,,,,,,,,,,,,,,,,,,397000,426000,341000,340000,396000,411000,400000,432000,434000,404000,409000,452000,475000,448000,469000,506000,477000,490000,539000,494000,486000,534000
South Africa,,,,,,,,,,,,0,0,0,0,0,0,0,0,0,0,0,0,0,338000,457000,757000,530000,902000,954000,727000,786000,799000,624000,834000,972000,1010000,1090000,1170000,1100000,1120000,922000,1030000,1090000,1150000,971000,862000,973000,1120000,1100000,1040000,
South Korea,,,,,,,,,,,,0,0,0,0,0,0,6110,200000,271000,299000,249000,325000,771000,1010000,1440000,2430000,3380000,3450000,4070000,4550000,4840000,4860000,5000000,5040000,5760000,6360000,6630000,7710000,8860000,9370000,9640000,10200000,11200000,11200000,12600000,12800000,12300000,13000000,12700000,12800000,12900000
Spain,0,0,0,0,0,0,0,0,7140,71300,79400,217000,409000,563000,621000,649000,650000,561000,658000,576000,446000,823000,754000,917000,1990000,2410000,3220000,3550000,4340000,4830000,4670000,4780000,4800000,4820000,4760000,4770000,4840000,4760000,5070000,5060000,5350000,5480000,5420000,5320000,5470000,4950000,5170000,4740000,5070000,4540000,5330000,4960000
Sri Lanka,,,,,,,,,,,,0,0,0,0,0,0,0,0,0,0,0,0,0,0,0,0,0,0,0,0,0,0,0,0,0,0,0,0,0,0,0,0,0,0,0,0,0,0,0,0,
Sudan,,,,,,,,,,,,0,0,0,0,0,0,0,0,0,0,0,0,0,0,0,0,0,0,0,0,0,0,0,0,0,0,0,0,0,0,0,0,0,0,0,0,0,0,0,0,
Sweden,0,0,0,0,0,1550,3870,4300,1980,5250,4820,7740,126000,182000,177000,1030000,1380000,1710000,2050000,1810000,2280000,3240000,3360000,3530000,4380000,5040000,6020000,5790000,5970000,5640000,5860000,6600000,5460000,5280000,6290000,6010000,6390000,6010000,6330000,6290000,4930000,6200000,5860000,5800000,6660000,6220000,5760000,5760000,5490000,4490000,4970000,5160000
Switzerland,0,0,0,0,0,0,0,0,0,46000,152000,120000,330000,543000,608000,667000,683000,698000,722000,1020000,1230000,1320000,1300000,1350000,1590000,1940000,1940000,1980000,1960000,1960000,2030000,1970000,2020000,2010000,2100000,2140000,2160000,2190000,2220000,2220000,2270000,2310000,2340000,2360000,2320000,2010000,2390000,2400000,2380000,2380000,2270000,2300000
Syria,,,,,,,,,,,,0,0,0,0,0,0,0,0,0,0,0,0,0,0,0,0,0,0,0,0,0,0,0,0,0,0,0,0,0,0,0,0,0,0,0,0,0,0,0,0,
Tajikistan,,,,,,,,,,,,,,,,,,,,,,,,,,,,,,,0,0,0,0,0,0,0,0,0,0,0,0,0,0,0,0,0,0,0,0,0,
Tanzania,,,,,,,,,,,,0,0,0,0,0,0,0,0,0,0,0,0,0,0,0,0,0,0,0,0,0,0,0,0,0,0,0,0,0,0,0,0,0,0,0,0,0,0,0,0,
Thailand,,,,,,,,,,,,0,0,0,0,0,0,0,0,0,0,0,0,0,0,0,0,0,0,0,0,0,0,0,0,0,0,0,0,0,0,0,0,0,0,0,0,0,0,0,0,
Togo,,,,,,,,,,,,0,0,0,0,0,0,0,0,0,0,0,0,0,0,0,0,0,0,0,0,0,0,0,0,0,0,0,0,0,0,0,0,0,0,0,0,0,0,0,0,
Trinidad and Tobago,,,,,,,,,,,,0,0,0,0,0,0,0,0,0,0,0,0,0,0,0,0,0,0,0,0,0,0,0,0,0,0,0,0,0,0,0,0,0,0,0,0,0,0,0,0,
Tunisia,,,,,,,,,,,,0,0,0,0,0,0,0,0,0,0,0,0,0,0,0,0,0,0,0,0,0,0,0,0,0,0,0,0,0,0,0,0,0,0,0,0,0,0,0,0,
Turkey,0,0,0,0,0,0,0,0,0,0,0,0,0,0,0,0,0,0,0,0,0,0,0,0,0,0,0,0,0,0,0,0,0,0,0,0,0,0,0,0,0,0,0,0,0,0,0,0,0,0,0,0
Turkmenistan,,,,,,,,,,,,,,,,,,,,,,,,,,,,,,,0,0,0,0,0,0,0,0,0,0,0,0,0,0,0,0,0,0,0,0,0,
Ukraine,,,,,,,,,,,,,,,,,,,,,,,,,,,,,,,6550000,6460000,6340000,6470000,5920000,6060000,6840000,6830000,6470000,6200000,6650000,6550000,6710000,7000000,7480000,7630000,7760000,7960000,7730000,7130000,7670000,
United Arab Emirates,,,,,,,,,,,,0,0,0,0,0,0,0,0,0,0,0,0,0,0,0,0,0,0,0,0,0,0,0,0,0,0,0,0,0,0,0,0,0,0,0,0,0,0,0,0,
United Kingdom,191000,221000,320000,547000,702000,1300000,1740000,2000000,2250000,2500000,2240000,2370000,2530000,2410000,2890000,2610000,3110000,3440000,3200000,3290000,3180000,3270000,3780000,4290000,4640000,5250000,5080000,4750000,5460000,6170000,5650000,6070000,6600000,7680000,7590000,7650000,8140000,8440000,8550000,8180000,7310000,7750000,7550000,7630000,6880000,7020000,6490000,5420000,4510000,5940000,5340000,5940000
United States,47600,156000,209000,296000,308000,337000,508000,657000,1150000,1280000,2010000,3490000,4970000,7670000,10400000,15800000,17400000,22900000,25200000,23300000,22900000,24900000,25800000,26800000,29900000,35000000,37700000,41500000,48000000,48300000,52600000,55800000,56400000,55600000,58400000,61400000,61500000,57300000,61400000,66400000,68600000,68200000,69200000,67700000,69900000,69700000,70200000,71900000,72000000,71400000,72100000,70600000
Uruguay,,,,,,,,,,,,0,0,0,0,0,0,0,0,0,0,0,0,0,0,0,0,0,0,0,0,0,0,0,0,0,0,0,0,0,0,0,0,0,0,0,0,0,0,0,0,
Uzbekistan,,,,,,,,,,,,,,,,,,,,,,,,,,,,,,,0,0,0,0,0,0,0,0,0,0,0,0,0,0,0,0,0,0,0,0,0,
Venezuela,,,,,,,,,,,,0,0,0,0,0,0,0,0,0,0,0,0,0,0,0,0,0,0,0,0,0,0,0,0,0,0,0,0,0,0,0,0,0,0,0,0,0,0,0,0,
Vietnam,,,,,,,,,,,,0,0,0,0,0,0,0,0,0,0,0,0,0,0,0,0,0,0,0,0,0,0,0,0,0,0,0,0,0,0,0,0,0,0,0,0,0,0,0,0,
Yemen,,,,,,,,,,,,0,0,0,0,0,0,0,0,0,0,0,0,0,0,0,0,0,0,0,0,0,0,0,0,0,0,0,0,0,0,0,0,0,0,0,0,0,0,0,0,
Zambia,,,,,,,,,,,,0,0,0,0,0,0,0,0,0,0,0,0,0,0,0,0,0,0,0,0,0,0,0,0,0,0,0,0,0,0,0,0,0,0,0,0,0,0,0,0,
Zimbabwe,,,,,,,,,,,,0,0,0,0,0,0,0,0,0,0,0,0,0,0,0,0,0,0,0,0,0,0,0,0,0,0,0,0,0,0,0,0,0,0,0,0,0,0,0,0,
